,Var1,Freq,Month
1064,2020-01-01,1,2020-01
450,2020-01-02,6,2020-01
714,2020-01-03,4,2020-01
989,2020-01-04,1,2020-01
779,2020-01-05,3,2020-01
688,2020-01-06,4,2020-01
889,2020-01-07,2,2020-01
711,2020-01-08,4,2020-01
780,2020-01-09,3,2020-01
715,2020-01-10,4,2020-01
743,2020-01-11,3,2020-01
946,2020-01-12,2,2020-01
706,2020-01-13,4,2020-01
708,2020-01-14,4,2020-01
633,2020-01-15,4,2020-01
938,2020-01-16,2,2020-01
872,2020-01-17,2,2020-01
718,2020-01-18,4,2020-01
624,2020-01-19,4,2020-01
962,2020-01-20,2,2020-01
371,2020-01-21,7,2020-01
910,2020-01-22,2,2020-01
380,2020-01-23,7,2020-01
422,2020-01-24,6,2020-01
971,2020-01-25,2,2020-01
967,2020-01-26,2,2020-01
604,2020-01-27,5,2020-01
720,2020-01-28,4,2020-01
564,2020-01-29,5,2020-01
671,2020-01-30,4,2020-01
693,2020-01-31,4,2020-01
1062,2020-02-01,1,2020-02
863,2020-02-02,3,2020-02
745,2020-02-03,3,2020-02
367,2020-02-04,7,2020-02
1050,2020-02-05,1,2020-02
762,2020-02-07,3,2020-02
844,2020-02-08,3,2020-02
724,2020-02-09,4,2020-02
990,2020-02-10,1,2020-02
626,2020-02-11,4,2020-02
560,2020-02-12,5,2020-02
717,2020-02-13,4,2020-02
370,2020-02-14,7,2020-02
940,2020-02-15,2,2020-02
952,2020-02-16,2,2020-02
386,2020-02-17,7,2020-02
619,2020-02-18,4,2020-02
1066,2020-02-19,1,2020-02
749,2020-02-20,3,2020-02
182,2020-02-21,10,2020-02
765,2020-02-22,3,2020-02
778,2020-02-23,3,2020-02
597,2020-02-24,5,2020-02
752,2020-02-25,3,2020-02
748,2020-02-26,3,2020-02
270,2020-02-27,9,2020-02
368,2020-02-28,7,2020-02
677,2020-02-29,4,2020-02
818,2020-03-01,3,2020-03
497,2020-03-02,6,2020-03
587,2020-03-03,5,2020-03
482,2020-03-04,6,2020-03
285,2020-03-05,8,2020-03
494,2020-03-06,6,2020-03
397,2020-03-07,7,2020-03
603,2020-03-08,5,2020-03
284,2020-03-09,8,2020-03
105,2020-03-10,13,2020-03
133,2020-03-11,12,2020-03
99,2020-03-12,13,2020-03
261,2020-03-13,9,2020-03
36,2020-03-14,18,2020-03
73,2020-03-15,15,2020-03
37,2020-03-16,18,2020-03
13,2020-03-17,24,2020-03
11,2020-03-18,24,2020-03
4,2020-03-19,28,2020-03
2,2020-03-20,29,2020-03
12,2020-03-21,24,2020-03
47,2020-03-22,17,2020-03
5,2020-03-23,27,2020-03
0,2020-03-24,31,2020-03
10,2020-03-25,24,2020-03
7,2020-03-26,25,2020-03
1,2020-03-27,30,2020-03
14,2020-03-28,23,2020-03
46,2020-03-29,18,2020-03
48,2020-03-30,17,2020-03
8,2020-03-31,25,2020-03
9,2020-04-01,24,2020-04
6,2020-04-02,25,2020-04
17,2020-04-03,21,2020-04
90,2020-04-04,13,2020-04
82,2020-04-05,14,2020-04
26,2020-04-06,20,2020-04
22,2020-04-07,20,2020-04
106,2020-04-08,13,2020-04
137,2020-04-09,12,2020-04
92,2020-04-10,13,2020-04
359,2020-04-11,7,2020-04
145,2020-04-12,11,2020-04
177,2020-04-13,11,2020-04
43,2020-04-14,18,2020-04
136,2020-04-15,12,2020-04
251,2020-04-16,9,2020-04
571,2020-04-17,5,2020-04
484,2020-04-18,6,2020-04
413,2020-04-19,6,2020-04
260,2020-04-20,9,2020-04
207,2020-04-21,10,2020-04
698,2020-04-22,4,2020-04
330,2020-04-23,8,2020-04
734,2020-04-24,4,2020-04
396,2020-04-25,7,2020-04
666,2020-04-26,4,2020-04
750,2020-04-27,3,2020-04
664,2020-04-28,4,2020-04
567,2020-04-29,5,2020-04
248,2020-04-30,9,2020-04
662,2020-05-01,4,2020-05
388,2020-05-02,7,2020-05
712,2020-05-03,4,2020-05
957,2020-05-04,2,2020-05
658,2020-05-05,4,2020-05
174,2020-05-06,11,2020-05
394,2020-05-07,7,2020-05
304,2020-05-08,8,2020-05
704,2020-05-09,4,2020-05
955,2020-05-10,2,2020-05
707,2020-05-11,4,2020-05
426,2020-05-12,6,2020-05
835,2020-05-13,3,2020-05
453,2020-05-14,6,2020-05
746,2020-05-15,3,2020-05
592,2020-05-16,5,2020-05
649,2020-05-17,4,2020-05
573,2020-05-18,5,2020-05
966,2020-05-19,2,2020-05
751,2020-05-20,3,2020-05
883,2020-05-21,2,2020-05
1055,2020-05-22,1,2020-05
1032,2020-05-23,1,2020-05
495,2020-05-25,6,2020-05
951,2020-05-28,2,2020-05
947,2020-05-29,2,2020-05
627,2020-05-30,4,2020-05
822,2020-06-01,3,2020-06
639,2020-06-02,4,2020-06
1038,2020-06-03,1,2020-06
881,2020-06-04,2,2020-06
960,2020-06-05,2,2020-06
1056,2020-06-06,1,2020-06
941,2020-06-07,2,2020-06
492,2020-06-08,6,2020-06
1044,2020-06-09,1,2020-06
1010,2020-06-10,1,2020-06
1065,2020-06-11,1,2020-06
770,2020-06-12,3,2020-06
759,2020-06-15,3,2020-06
984,2020-06-16,1,2020-06
1048,2020-06-17,1,2020-06
744,2020-06-18,3,2020-06
874,2020-06-20,2,2020-06
727,2020-06-22,4,2020-06
959,2020-06-23,2,2020-06
1057,2020-06-24,1,2020-06
871,2020-06-25,2,2020-06
950,2020-06-26,2,2020-06
1037,2020-06-27,1,2020-06
777,2020-06-28,3,2020-06
845,2020-06-29,3,2020-06
1034,2020-06-30,1,2020-06
1061,2020-07-01,1,2020-07
1045,2020-07-02,1,2020-07
690,2020-07-03,4,2020-07
956,2020-07-04,2,2020-07
1060,2020-07-05,1,2020-07
873,2020-07-06,2,2020-07
945,2020-07-07,2,2020-07
775,2020-07-08,3,2020-07
869,2020-07-09,2,2020-07
719,2020-07-10,4,2020-07
969,2020-07-11,2,2020-07
1063,2020-07-12,1,2020-07
593,2020-07-13,5,2020-07
1059,2020-07-14,1,2020-07
879,2020-07-15,2,2020-07
1042,2020-07-16,1,2020-07
854,2020-07-17,3,2020-07
972,2020-07-18,2,2020-07
782,2020-07-19,3,2020-07
954,2020-07-20,2,2020-07
679,2020-07-21,4,2020-07
1031,2020-07-22,1,2020-07
741,2020-07-23,3,2020-07
1033,2020-07-24,1,2020-07
600,2020-07-25,5,2020-07
1054,2020-07-26,1,2020-07
570,2020-07-27,5,2020-07
1051,2020-07-29,1,2020-07
884,2020-07-30,2,2020-07
789,2020-07-31,3,2020-07
1043,2020-08-01,1,2020-08
887,2020-08-02,2,2020-08
973,2020-08-04,2,2020-08
617,2020-08-05,5,2020-08
880,2020-08-06,2,2020-08
754,2020-08-07,3,2020-08
1035,2020-08-08,1,2020-08
697,2020-08-10,4,2020-08
866,2020-08-11,3,2020-08
561,2020-08-12,5,2020-08
1039,2020-08-13,1,2020-08
742,2020-08-14,3,2020-08
596,2020-08-15,5,2020-08
463,2020-08-17,6,2020-08
681,2020-08-18,4,2020-08
771,2020-08-19,3,2020-08
636,2020-08-20,4,2020-08
702,2020-08-21,4,2020-08
696,2020-08-22,4,2020-08
766,2020-08-23,3,2020-08
465,2020-08-24,6,2020-08
417,2020-08-25,6,2020-08
757,2020-08-26,3,2020-08
740,2020-08-27,3,2020-08
1049,2020-08-28,1,2020-08
574,2020-08-29,5,2020-08
591,2020-08-30,5,2020-08
238,2020-08-31,9,2020-08
375,2020-09-01,7,2020-09
607,2020-09-02,5,2020-09
384,2020-09-03,7,2020-09
415,2020-09-04,6,2020-09
939,2020-09-05,2,2020-09
936,2020-09-06,2,2020-09
631,2020-09-07,4,2020-09
862,2020-09-08,3,2020-09
265,2020-09-09,9,2020-09
364,2020-09-10,7,2020-09
487,2020-09-11,6,2020-09
406,2020-09-12,6,2020-09
637,2020-09-13,4,2020-09
868,2020-09-14,2,2020-09
208,2020-09-15,10,2020-09
886,2020-09-16,2,2020-09
577,2020-09-17,5,2020-09
621,2020-09-18,4,2020-09
431,2020-09-19,6,2020-09
483,2020-09-20,6,2020-09
440,2020-09-21,6,2020-09
376,2020-09-22,7,2020-09
243,2020-09-23,9,2020-09
585,2020-09-24,5,2020-09
427,2020-09-25,6,2020-09
244,2020-09-26,9,2020-09
582,2020-09-27,5,2020-09
716,2020-09-28,4,2020-09
608,2020-09-29,5,2020-09
128,2020-09-30,12,2020-09
381,2020-10-01,7,2020-10
761,2020-10-02,3,2020-10
439,2020-10-03,6,2020-10
944,2020-10-04,2,2020-10
131,2020-10-05,12,2020-10
769,2020-10-06,3,2020-10
160,2020-10-07,11,2020-10
196,2020-10-08,10,2020-10
121,2020-10-09,12,2020-10
776,2020-10-10,3,2020-10
234,2020-10-11,9,2020-10
424,2020-10-12,6,2020-10
221,2020-10-13,9,2020-10
421,2020-10-14,6,2020-10
275,2020-10-15,8,2020-10
486,2020-10-16,6,2020-10
100,2020-10-17,13,2020-10
575,2020-10-18,5,2020-10
644,2020-10-19,4,2020-10
34,2020-10-20,19,2020-10
236,2020-10-21,9,2020-10
269,2020-10-22,9,2020-10
222,2020-10-23,9,2020-10
774,2020-10-24,3,2020-10
181,2020-10-25,10,2020-10
169,2020-10-26,11,2020-10
58,2020-10-27,16,2020-10
223,2020-10-28,9,2020-10
94,2020-10-29,13,2020-10
168,2020-10-30,11,2020-10
279,2020-10-31,8,2020-10
290,2020-11-01,8,2020-11
292,2020-11-02,8,2020-11
68,2020-11-03,16,2020-11
161,2020-11-04,11,2020-11
159,2020-11-05,11,2020-11
140,2020-11-06,11,2020-11
149,2020-11-07,11,2020-11
232,2020-11-08,9,2020-11
134,2020-11-09,12,2020-11
109,2020-11-10,13,2020-11
263,2020-11-11,9,2020-11
305,2020-11-12,8,2020-11
212,2020-11-13,10,2020-11
663,2020-11-14,4,2020-11
470,2020-11-15,6,2020-11
113,2020-11-16,12,2020-11
49,2020-11-17,17,2020-11
205,2020-11-18,10,2020-11
294,2020-11-19,8,2020-11
107,2020-11-20,13,2020-11
865,2020-11-21,3,2020-11
447,2020-11-23,6,2020-11
455,2020-11-24,6,2020-11
412,2020-11-25,6,2020-11
595,2020-11-26,5,2020-11
298,2020-11-27,8,2020-11
300,2020-11-28,8,2020-11
605,2020-11-29,5,2020-11
202,2020-11-30,10,2020-11
423,2020-12-01,6,2020-12
255,2020-12-02,9,2020-12
253,2020-12-03,9,2020-12
399,2020-12-04,7,2020-12
425,2020-12-05,6,2020-12
949,2020-12-06,2,2020-12
878,2020-12-07,2,2020-12
395,2020-12-08,7,2020-12
241,2020-12-09,9,2020-12
379,2020-12-10,7,2020-12
442,2020-12-11,6,2020-12
488,2020-12-12,6,2020-12
262,2020-12-13,9,2020-12
112,2020-12-14,12,2020-12
204,2020-12-15,10,2020-12
461,2020-12-16,6,2020-12
372,2020-12-17,7,2020-12
314,2020-12-18,8,2020-12
464,2020-12-19,6,2020-12
475,2020-12-20,6,2020-12
280,2020-12-21,8,2020-12
713,2020-12-22,4,2020-12
245,2020-12-23,9,2020-12
602,2020-12-24,5,2020-12
183,2020-12-25,10,2020-12
452,2020-12-26,6,2020-12
83,2020-12-27,14,2020-12
138,2020-12-28,11,2020-12
56,2020-12-29,17,2020-12
240,2020-12-30,9,2020-12
180,2020-12-31,10,2020-12
675,2021-01-01,4,2021-01
448,2021-01-02,6,2021-01
342,2021-01-03,7,2021-01
281,2021-01-04,8,2021-01
228,2021-01-05,9,2021-01
653,2021-01-06,4,2021-01
200,2021-01-07,10,2021-01
725,2021-01-08,4,2021-01
351,2021-01-09,7,2021-01
141,2021-01-10,11,2021-01
61,2021-01-11,16,2021-01
124,2021-01-12,12,2021-01
62,2021-01-13,16,2021-01
163,2021-01-14,11,2021-01
76,2021-01-15,15,2021-01
88,2021-01-16,14,2021-01
115,2021-01-17,12,2021-01
32,2021-01-18,19,2021-01
30,2021-01-19,19,2021-01
79,2021-01-20,14,2021-01
23,2021-01-21,20,2021-01
19,2021-01-22,21,2021-01
39,2021-01-23,18,2021-01
219,2021-01-24,9,2021-01
40,2021-01-25,18,2021-01
28,2021-01-26,19,2021-01
74,2021-01-27,15,2021-01
231,2021-01-28,9,2021-01
27,2021-01-29,20,2021-01
217,2021-01-30,10,2021-01
85,2021-01-31,14,2021-01
194,2021-02-01,10,2021-02
77,2021-02-02,15,2021-02
237,2021-02-03,9,2021-02
114,2021-02-04,12,2021-02
130,2021-02-05,12,2021-02
259,2021-02-06,9,2021-02
703,2021-02-07,4,2021-02
63,2021-02-08,16,2021-02
216,2021-02-09,10,2021-02
165,2021-02-10,11,2021-02
189,2021-02-11,10,2021-02
568,2021-02-12,5,2021-02
834,2021-02-13,3,2021-02
151,2021-02-14,11,2021-02
383,2021-02-15,7,2021-02
437,2021-02-16,6,2021-02
864,2021-02-17,3,2021-02
838,2021-02-18,3,2021-02
609,2021-02-19,5,2021-02
541,2021-02-20,5,2021-02
686,2021-02-21,4,2021-02
566,2021-02-22,5,2021-02
501,2021-02-23,5,2021-02
311,2021-02-24,8,2021-02
349,2021-02-25,7,2021-02
348,2021-02-26,7,2021-02
559,2021-02-27,5,2021-02
999,2021-02-28,1,2021-02
841,2021-03-01,3,2021-03
1022,2021-03-02,1,2021-03
911,2021-03-03,2,2021-03
1018,2021-03-04,1,2021-03
589,2021-03-05,5,2021-03
1028,2021-03-06,1,2021-03
814,2021-03-07,3,2021-03
732,2021-03-08,4,2021-03
355,2021-03-09,7,2021-03
888,2021-03-10,2,2021-03
583,2021-03-11,5,2021-03
994,2021-03-13,1,2021-03
1009,2021-03-14,1,2021-03
420,2021-03-15,6,2021-03
858,2021-03-16,3,2021-03
601,2021-03-17,5,2021-03
579,2021-03-18,5,2021-03
859,2021-03-19,3,2021-03
676,2021-03-20,4,2021-03
584,2021-03-22,5,2021-03
917,2021-03-23,2,2021-03
514,2021-03-24,5,2021-03
694,2021-03-25,4,2021-03
446,2021-03-26,6,2021-03
618,2021-03-27,4,2021-03
648,2021-03-28,4,2021-03
913,2021-03-29,2,2021-03
612,2021-03-30,5,2021-03
616,2021-03-31,5,2021-03
737,2021-04-01,4,2021-04
1015,2021-04-02,1,2021-04
788,2021-04-03,3,2021-04
510,2021-04-04,5,2021-04
443,2021-04-05,6,2021-04
481,2021-04-06,6,2021-04
590,2021-04-07,5,2021-04
729,2021-04-08,4,2021-04
659,2021-04-09,4,2021-04
1007,2021-04-10,1,2021-04
337,2021-04-11,7,2021-04
346,2021-04-12,7,2021-04
933,2021-04-13,2,2021-04
840,2021-04-14,3,2021-04
655,2021-04-15,4,2021-04
235,2021-04-16,9,2021-04
1011,2021-04-17,1,2021-04
801,2021-04-18,3,2021-04
454,2021-04-19,6,2021-04
297,2021-04-20,8,2021-04
576,2021-04-21,5,2021-04
599,2021-04-22,5,2021-04
661,2021-04-24,4,2021-04
837,2021-04-25,3,2021-04
731,2021-04-26,4,2021-04
684,2021-04-27,4,2021-04
687,2021-04-28,4,2021-04
691,2021-04-29,4,2021-04
1002,2021-04-30,1,2021-04
531,2021-05-01,5,2021-05
735,2021-05-02,4,2021-05
456,2021-05-03,6,2021-05
931,2021-05-04,2,2021-05
927,2021-05-05,2,2021-05
815,2021-05-06,3,2021-05
914,2021-05-07,2,2021-05
726,2021-05-08,4,2021-05
1012,2021-05-09,1,2021-05
796,2021-05-10,3,2021-05
643,2021-05-11,4,2021-05
916,2021-05-12,2,2021-05
1026,2021-05-13,1,2021-05
474,2021-05-14,6,2021-05
670,2021-05-15,4,2021-05
926,2021-05-16,2,2021-05
821,2021-05-17,3,2021-05
922,2021-05-18,2,2021-05
1014,2021-05-19,1,2021-05
786,2021-05-20,3,2021-05
808,2021-05-21,3,2021-05
1023,2021-05-22,1,2021-05
996,2021-05-23,1,2021-05
410,2021-05-24,6,2021-05
795,2021-05-25,3,2021-05
970,2021-05-26,2,2021-05
1016,2021-05-28,1,2021-05
1025,2021-05-29,1,2021-05
995,2021-05-30,1,2021-05
1013,2021-05-31,1,2021-05
918,2021-06-01,2,2021-06
925,2021-06-02,2,2021-06
895,2021-06-03,2,2021-06
937,2021-06-04,2,2021-06
293,2021-06-05,8,2021-06
562,2021-06-06,5,2021-06
407,2021-06-07,6,2021-06
1003,2021-06-08,1,2021-06
632,2021-06-09,4,2021-06
520,2021-06-10,5,2021-06
892,2021-06-11,2,2021-06
993,2021-06-12,1,2021-06
1029,2021-06-13,1,2021-06
638,2021-06-14,4,2021-06
523,2021-06-15,5,2021-06
569,2021-06-16,5,2021-06
790,2021-06-17,3,2021-06
901,2021-06-18,2,2021-06
1030,2021-06-19,1,2021-06
991,2021-06-20,1,2021-06
646,2021-06-21,4,2021-06
816,2021-06-22,3,2021-06
847,2021-06-23,3,2021-06
849,2021-06-24,3,2021-06
792,2021-06-25,3,2021-06
1001,2021-06-26,1,2021-06
1053,2021-06-27,1,2021-06
614,2021-06-28,5,2021-06
813,2021-06-29,3,2021-06
891,2021-06-30,2,2021-06
1040,2021-07-01,1,2021-07
867,2021-07-02,3,2021-07
739,2021-07-03,4,2021-07
852,2021-07-04,3,2021-07
799,2021-07-05,3,2021-07
709,2021-07-06,4,2021-07
524,2021-07-07,5,2021-07
850,2021-07-08,3,2021-07
846,2021-07-09,3,2021-07
787,2021-07-10,3,2021-07
898,2021-07-11,2,2021-07
580,2021-07-12,5,2021-07
477,2021-07-13,6,2021-07
504,2021-07-14,5,2021-07
1021,2021-07-15,1,2021-07
480,2021-07-16,6,2021-07
806,2021-07-17,3,2021-07
905,2021-07-18,2,2021-07
824,2021-07-19,3,2021-07
191,2021-07-20,10,2021-07
186,2021-07-21,10,2021-07
572,2021-07-22,5,2021-07
668,2021-07-23,4,2021-07
503,2021-07-24,5,2021-07
441,2021-07-25,6,2021-07
132,2021-07-26,12,2021-07
110,2021-07-27,13,2021-07
171,2021-07-28,11,2021-07
610,2021-07-29,5,2021-07
344,2021-07-30,7,2021-07
291,2021-07-31,8,2021-07
419,2021-08-01,6,2021-08
150,2021-08-02,11,2021-08
155,2021-08-03,11,2021-08
353,2021-08-04,7,2021-08
108,2021-08-05,13,2021-08
350,2021-08-06,7,2021-08
289,2021-08-07,8,2021-08
283,2021-08-08,8,2021-08
193,2021-08-09,10,2021-08
695,2021-08-10,4,2021-08
166,2021-08-11,11,2021-08
656,2021-08-12,4,2021-08
1020,2021-08-13,1,2021-08
479,2021-08-14,6,2021-08
445,2021-08-15,6,2021-08
267,2021-08-16,9,2021-08
855,2021-08-17,3,2021-08
408,2021-08-18,6,2021-08
306,2021-08-19,8,2021-08
535,2021-08-20,5,2021-08
613,2021-08-21,5,2021-08
435,2021-08-22,6,2021-08
689,2021-08-23,4,2021-08
432,2021-08-24,6,2021-08
598,2021-08-25,5,2021-08
301,2021-08-26,8,2021-08
642,2021-08-27,4,2021-08
466,2021-08-28,6,2021-08
721,2021-08-29,4,2021-08
784,2021-08-30,3,2021-08
199,2021-08-31,10,2021-08
476,2021-09-01,6,2021-09
565,2021-09-02,5,2021-09
578,2021-09-04,5,2021-09
336,2021-09-05,7,2021-09
798,2021-09-06,3,2021-09
998,2021-09-07,1,2021-09
615,2021-09-08,5,2021-09
1000,2021-09-09,1,2021-09
810,2021-09-10,3,2021-09
908,2021-09-11,2,2021-09
532,2021-09-12,5,2021-09
674,2021-09-13,4,2021-09
890,2021-09-14,2,2021-09
539,2021-09-16,5,2021-09
833,2021-09-17,3,2021-09
1019,2021-09-18,1,2021-09
1024,2021-09-19,1,2021-09
710,2021-09-20,4,2021-09
793,2021-09-21,3,2021-09
842,2021-09-23,3,2021-09
817,2021-09-25,3,2021-09
836,2021-09-26,3,2021-09
812,2021-09-27,3,2021-09
611,2021-09-28,5,2021-09
809,2021-09-29,3,2021-09
915,2021-09-30,2,2021-09
1027,2021-10-01,1,2021-10
992,2021-10-02,1,2021-10
827,2021-10-03,3,2021-10
701,2021-10-04,4,2021-10
1006,2021-10-05,1,2021-10
588,2021-10-06,5,2021-10
335,2021-10-07,7,2021-10
893,2021-10-08,2,2021-10
934,2021-10-09,2,2021-10
982,2021-10-10,1,2021-10
921,2021-10-11,2,2021-10
1004,2021-10-12,1,2021-10
647,2021-10-13,4,2021-10
805,2021-10-14,3,2021-10
935,2021-10-15,2,2021-10
904,2021-10-16,2,2021-10
928,2021-10-17,2,2021-10
929,2021-10-18,2,2021-10
997,2021-10-19,1,2021-10
1017,2021-10-20,1,2021-10
356,2021-10-21,7,2021-10
581,2021-10-22,5,2021-10
1008,2021-10-23,1,2021-10
932,2021-10-24,2,2021-10
352,2021-10-25,7,2021-10
843,2021-10-26,3,2021-10
820,2021-10-27,3,2021-10
683,2021-10-28,4,2021-10
803,2021-10-29,3,2021-10
924,2021-10-30,2,2021-10
705,2021-11-01,4,2021-11
678,2021-11-02,4,2021-11
249,2021-11-03,9,2021-11
912,2021-11-04,2,2021-11
919,2021-11-05,2,2021-11
1005,2021-11-06,1,2021-11
672,2021-11-07,4,2021-11
606,2021-11-08,5,2021-11
538,2021-11-09,5,2021-11
857,2021-11-10,3,2021-11
848,2021-11-11,3,2021-11
830,2021-11-12,3,2021-11
478,2021-11-13,6,2021-11
680,2021-11-14,4,2021-11
341,2021-11-15,7,2021-11
665,2021-11-16,4,2021-11
791,2021-11-17,3,2021-11
586,2021-11-18,5,2021-11
930,2021-11-19,2,2021-11
334,2021-11-20,7,2021-11
902,2021-11-21,2,2021-11
963,2021-11-22,2,2021-11
459,2021-11-23,6,2021-11
360,2021-11-24,7,2021-11
411,2021-11-25,6,2021-11
414,2021-11-26,6,2021-11
329,2021-11-27,8,2021-11
797,2021-11-28,3,2021-11
630,2021-11-29,4,2021-11
250,2021-11-30,9,2021-11
256,2021-12-01,9,2021-12
652,2021-12-02,4,2021-12
471,2021-12-03,6,2021-12
338,2021-12-04,7,2021-12
563,2021-12-05,5,2021-12
594,2021-12-06,5,2021-12
692,2021-12-07,4,2021-12
195,2021-12-08,10,2021-12
120,2021-12-09,12,2021-12
302,2021-12-10,8,2021-12
347,2021-12-11,7,2021-12
299,2021-12-12,8,2021-12
357,2021-12-13,7,2021-12
162,2021-12-14,11,2021-12
438,2021-12-15,6,2021-12
429,2021-12-16,6,2021-12
266,2021-12-17,9,2021-12
127,2021-12-18,12,2021-12
332,2021-12-19,7,2021-12
89,2021-12-20,14,2021-12
313,2021-12-21,8,2021-12
117,2021-12-22,12,2021-12
320,2021-12-23,8,2021-12
230,2021-12-24,9,2021-12
308,2021-12-25,8,2021-12
98,2021-12-26,13,2021-12
67,2021-12-27,16,2021-12
310,2021-12-28,8,2021-12
164,2021-12-29,11,2021-12
527,2021-12-30,5,2021-12
91,2021-12-31,13,2021-12
111,2022-01-01,13,2022-01
135,2022-01-02,12,2022-01
51,2022-01-03,17,2022-01
69,2022-01-04,16,2022-01
41,2022-01-05,18,2022-01
129,2022-01-06,12,2022-01
18,2022-01-07,21,2022-01
226,2022-01-08,9,2022-01
45,2022-01-09,18,2022-01
16,2022-01-10,22,2022-01
64,2022-01-11,16,2022-01
42,2022-01-12,18,2022-01
15,2022-01-13,22,2022-01
31,2022-01-14,19,2022-01
65,2022-01-15,16,2022-01
273,2022-01-16,8,2022-01
3,2022-01-17,28,2022-01
38,2022-01-18,18,2022-01
123,2022-01-19,12,2022-01
24,2022-01-20,20,2022-01
75,2022-01-21,15,2022-01
44,2022-01-22,18,2022-01
53,2022-01-23,17,2022-01
21,2022-01-24,20,2022-01
70,2022-01-25,15,2022-01
52,2022-01-26,17,2022-01
33,2022-01-27,19,2022-01
29,2022-01-28,19,2022-01
54,2022-01-29,17,2022-01
119,2022-01-30,12,2022-01
66,2022-01-31,16,2022-01
102,2022-02-01,13,2022-02
78,2022-02-02,14,2022-02
25,2022-02-03,20,2022-02
35,2022-02-04,18,2022-02
59,2022-02-05,16,2022-02
80,2022-02-06,14,2022-02
154,2022-02-07,11,2022-02
201,2022-02-08,10,2022-02
436,2022-02-09,6,2022-02
157,2022-02-10,11,2022-02
71,2022-02-11,15,2022-02
402,2022-02-12,7,2022-02
101,2022-02-13,13,2022-02
55,2022-02-14,17,2022-02
57,2022-02-15,17,2022-02
491,2022-02-16,6,2022-02
197,2022-02-17,10,2022-02
203,2022-02-18,10,2022-02
373,2022-02-19,7,2022-02
516,2022-02-20,5,2022-02
296,2022-02-21,8,2022-02
172,2022-02-22,11,2022-02
326,2022-02-23,8,2022-02
152,2022-02-24,11,2022-02
393,2022-02-25,7,2022-02
550,2022-02-26,5,2022-02
458,2022-02-27,6,2022-02
753,2022-02-28,3,2022-02
366,2022-03-01,7,2022-03
451,2022-03-02,6,2022-03
473,2022-03-03,6,2022-03
254,2022-03-04,9,2022-03
247,2022-03-05,9,2022-03
728,2022-03-06,4,2022-03
303,2022-03-07,8,2022-03
239,2022-03-08,9,2022-03
331,2022-03-09,8,2022-03
468,2022-03-10,6,2022-03
343,2022-03-11,7,2022-03
730,2022-03-12,4,2022-03
756,2022-03-13,3,2022-03
500,2022-03-14,5,2022-03
530,2022-03-15,5,2022-03
354,2022-03-16,7,2022-03
257,2022-03-17,9,2022-03
374,2022-03-18,7,2022-03
877,2022-03-19,2,2022-03
763,2022-03-21,3,2022-03
645,2022-03-22,4,2022-03
179,2022-03-23,10,2022-03
472,2022-03-24,6,2022-03
747,2022-03-25,3,2022-03
685,2022-03-26,4,2022-03
622,2022-03-27,4,2022-03
167,2022-03-28,11,2022-03
522,2022-03-29,5,2022-03
211,2022-03-30,10,2022-03
392,2022-03-31,7,2022-03
660,2022-04-01,4,2022-04
760,2022-04-02,3,2022-04
1036,2022-04-03,1,2022-04
405,2022-04-04,6,2022-04
444,2022-04-05,6,2022-04
288,2022-04-06,8,2022-04
853,2022-04-07,3,2022-04
286,2022-04-08,8,2022-04
807,2022-04-09,3,2022-04
758,2022-04-10,3,2022-04
103,2022-04-11,13,2022-04
512,2022-04-12,5,2022-04
534,2022-04-13,5,2022-04
328,2022-04-14,8,2022-04
361,2022-04-15,7,2022-04
457,2022-04-16,6,2022-04
802,2022-04-17,3,2022-04
641,2022-04-18,4,2022-04
316,2022-04-19,8,2022-04
433,2022-04-20,6,2022-04
511,2022-04-21,5,2022-04
144,2022-04-22,11,2022-04
398,2022-04-23,7,2022-04
434,2022-04-24,6,2022-04
738,2022-04-25,4,2022-04
317,2022-04-26,8,2022-04
252,2022-04-27,9,2022-04
276,2022-04-28,8,2022-04
418,2022-04-29,6,2022-04
377,2022-04-30,7,2022-04
920,2022-05-01,2,2022-05
104,2022-05-02,13,2022-05
95,2022-05-03,13,2022-05
229,2022-05-04,9,2022-05
139,2022-05-05,11,2022-05
258,2022-05-06,9,2022-05
1052,2022-05-07,1,2022-05
519,2022-05-08,5,2022-05
81,2022-05-09,14,2022-05
515,2022-05-10,5,2022-05
278,2022-05-11,8,2022-05
401,2022-05-12,7,2022-05
409,2022-05-13,6,2022-05
629,2022-05-14,4,2022-05
673,2022-05-15,4,2022-05
125,2022-05-16,12,2022-05
170,2022-05-17,11,2022-05
93,2022-05-18,13,2022-05
828,2022-05-19,3,2022-05
210,2022-05-20,10,2022-05
722,2022-05-21,4,2022-05
382,2022-05-22,7,2022-05
277,2022-05-23,8,2022-05
96,2022-05-24,13,2022-05
404,2022-05-25,6,2022-05
122,2022-05-26,12,2022-05
325,2022-05-27,8,2022-05
462,2022-05-28,6,2022-05
773,2022-05-29,3,2022-05
733,2022-05-30,4,2022-05
87,2022-05-31,14,2022-05
499,2022-06-01,6,2022-06
271,2022-06-02,8,2022-06
781,2022-06-03,3,2022-06
400,2022-06-04,7,2022-06
553,2022-06-05,5,2022-06
264,2022-06-06,9,2022-06
143,2022-06-07,11,2022-06
764,2022-06-08,3,2022-06
184,2022-06-09,10,2022-06
188,2022-06-10,10,2022-06
233,2022-06-11,9,2022-06
469,2022-06-12,6,2022-06
126,2022-06-13,12,2022-06
156,2022-06-14,11,2022-06
634,2022-06-15,4,2022-06
173,2022-06-16,11,2022-06
158,2022-06-17,11,2022-06
339,2022-06-18,7,2022-06
387,2022-06-19,7,2022-06
187,2022-06-20,10,2022-06
147,2022-06-21,11,2022-06
246,2022-06-22,9,2022-06
185,2022-06-23,10,2022-06
493,2022-06-24,6,2022-06
508,2022-06-25,5,2022-06
1041,2022-06-26,1,2022-06
86,2022-06-27,14,2022-06
116,2022-06-28,12,2022-06
385,2022-06-29,7,2022-06
72,2022-06-30,15,2022-06
365,2022-07-01,7,2022-07
315,2022-07-02,8,2022-07
50,2022-07-03,17,2022-07
20,2022-07-04,20,2022-07
225,2022-07-05,9,2022-07
118,2022-07-06,12,2022-07
175,2022-07-07,11,2022-07
97,2022-07-08,13,2022-07
460,2022-07-09,6,2022-07
363,2022-07-10,7,2022-07
84,2022-07-11,14,2022-07
146,2022-07-12,11,2022-07
224,2022-07-13,9,2022-07
176,2022-07-14,11,2022-07
227,2022-07-15,9,2022-07
307,2022-07-16,8,2022-07
206,2022-07-17,10,2022-07
213,2022-07-18,10,2022-07
215,2022-07-19,10,2022-07
153,2022-07-20,11,2022-07
60,2022-07-21,16,2022-07
321,2022-07-22,8,2022-07
214,2022-07-23,10,2022-07
142,2022-07-24,11,2022-07
309,2022-07-25,8,2022-07
209,2022-07-26,10,2022-07
148,2022-07-27,11,2022-07
430,2022-07-28,6,2022-07
628,2022-07-29,4,2022-07
876,2022-07-30,2,2022-07
953,2022-07-31,2,2022-07
178,2022-08-01,10,2022-08
274,2022-08-02,8,2022-08
192,2022-08-03,10,2022-08
390,2022-08-04,7,2022-08
272,2022-08-05,8,2022-08
557,2022-08-06,5,2022-08
526,2022-08-07,5,2022-08
449,2022-08-08,6,2022-08
518,2022-08-09,5,2022-08
555,2022-08-10,5,2022-08
552,2022-08-11,5,2022-08
529,2022-08-12,5,2022-08
826,2022-08-13,3,2022-08
544,2022-08-14,5,2022-08
650,2022-08-15,4,2022-08
545,2022-08-16,5,2022-08
268,2022-08-17,9,2022-08
295,2022-08-18,8,2022-08
654,2022-08-19,4,2022-08
794,2022-08-20,3,2022-08
403,2022-08-21,6,2022-08
467,2022-08-22,6,2022-08
832,2022-08-23,3,2022-08
870,2022-08-24,2,2022-08
220,2022-08-25,9,2022-08
548,2022-08-26,5,2022-08
861,2022-08-27,3,2022-08
896,2022-08-28,2,2022-08
322,2022-08-29,8,2022-08
489,2022-08-30,6,2022-08
768,2022-08-31,3,2022-08
554,2022-09-01,5,2022-09
345,2022-09-02,7,2022-09
800,2022-09-03,3,2022-09
885,2022-09-04,2,2022-09
323,2022-09-05,8,2022-09
767,2022-09-06,3,2022-09
312,2022-09-07,8,2022-09
485,2022-09-08,6,2022-09
358,2022-09-09,7,2022-09
977,2022-09-10,1,2022-09
875,2022-09-11,2,2022-09
974,2022-09-12,2,2022-09
542,2022-09-13,5,2022-09
943,2022-09-14,2,2022-09
287,2022-09-15,8,2022-09
506,2022-09-16,5,2022-09
804,2022-09-17,3,2022-09
620,2022-09-18,4,2022-09
983,2022-09-19,1,2022-09
942,2022-09-20,2,2022-09
785,2022-09-21,3,2022-09
851,2022-09-22,3,2022-09
369,2022-09-23,7,2022-09
625,2022-09-24,4,2022-09
536,2022-09-25,5,2022-09
540,2022-09-26,5,2022-09
1067,2022-09-27,1,2022-09
623,2022-09-28,4,2022-09
502,2022-09-29,5,2022-09
682,2022-09-30,4,2022-09
549,2022-10-01,5,2022-10
988,2022-10-02,1,2022-10
635,2022-10-03,4,2022-10
218,2022-10-04,9,2022-10
961,2022-10-05,2,2022-10
900,2022-10-06,2,2022-10
525,2022-10-07,5,2022-10
958,2022-10-08,2,2022-10
772,2022-10-09,3,2022-10
428,2022-10-10,6,2022-10
509,2022-10-11,5,2022-10
533,2022-10-12,5,2022-10
551,2022-10-13,5,2022-10
831,2022-10-14,3,2022-10
389,2022-10-15,7,2022-10
669,2022-10-16,4,2022-10
981,2022-10-17,1,2022-10
513,2022-10-18,5,2022-10
362,2022-10-19,7,2022-10
498,2022-10-20,6,2022-10
906,2022-10-21,2,2022-10
416,2022-10-22,6,2022-10
948,2022-10-23,2,2022-10
903,2022-10-24,2,2022-10
640,2022-10-25,4,2022-10
319,2022-10-26,8,2022-10
490,2022-10-27,6,2022-10
667,2022-10-28,4,2022-10
907,2022-10-29,2,2022-10
894,2022-10-30,2,2022-10
825,2022-10-31,3,2022-10
507,2022-11-02,5,2022-11
333,2022-11-03,7,2022-11
1047,2022-11-04,1,2022-11
811,2022-11-05,3,2022-11
558,2022-11-06,5,2022-11
547,2022-11-07,5,2022-11
965,2022-11-08,2,2022-11
340,2022-11-09,7,2022-11
543,2022-11-10,5,2022-11
505,2022-11-11,5,2022-11
783,2022-11-12,3,2022-11
496,2022-11-13,6,2022-11
528,2022-11-14,5,2022-11
839,2022-11-15,3,2022-11
819,2022-11-16,3,2022-11
324,2022-11-17,8,2022-11
657,2022-11-18,4,2022-11
985,2022-11-19,1,2022-11
699,2022-11-20,4,2022-11
391,2022-11-21,7,2022-11
1058,2022-11-23,1,2022-11
986,2022-11-24,1,2022-11
282,2022-11-25,8,2022-11
651,2022-11-26,4,2022-11
700,2022-11-27,4,2022-11
190,2022-11-28,10,2022-11
517,2022-11-29,5,2022-11
318,2022-11-30,8,2022-11
242,2022-12-01,9,2022-12
829,2022-12-02,3,2022-12
723,2022-12-03,4,2022-12
897,2022-12-04,2,2022-12
198,2022-12-05,10,2022-12
378,2022-12-06,7,2022-12
923,2022-12-07,2,2022-12
736,2022-12-08,4,2022-12
546,2022-12-09,5,2022-12
537,2022-12-10,5,2022-12
980,2022-12-11,1,2022-12
327,2022-12-12,8,2022-12
899,2022-12-13,2,2022-12
521,2022-12-14,5,2022-12
556,2022-12-15,5,2022-12
968,2022-12-16,2,2022-12
964,2022-12-18,2,2022-12
979,2022-12-19,1,2022-12
909,2022-12-20,2,2022-12
975,2022-12-21,1,2022-12
882,2022-12-22,2,2022-12
856,2022-12-23,3,2022-12
823,2022-12-24,3,2022-12
976,2022-12-25,1,2022-12
978,2022-12-26,1,2022-12
860,2022-12-27,3,2022-12
755,2022-12-28,3,2022-12
1046,2022-12-29,1,2022-12
987,2022-12-30,1,2022-12
